Business Name,State,City,Category,Campaign ID,Website,Facebook Page,Messenger URL,Email,Contact Method,First Contact Date,Contact Name,Phone Number,DeerCamp Fit Score,Outreach Status,Last Follow-Up Date,Next Follow-Up Date,Response Notes,Interested Status,Partnership Potential,Referred Camps,Follow-Up Needed,Source,Priority Tier,Last Contacted By,Relationship Warmth,Notes from Processor,Seasonality,Potential Founding Partner,Preferred Outreach Channel,Region,Tags,Date Added,Processor Size,Active Hunting Social Presence,Messenger URL Auto,Discovery Source,Normalized Name,RuleA_Key,Dedupe Key,Duplicate Count,Partner Display Name,Partner Type,Poster Business Name,Poster Partner Type,Poster Campaign ID,Campaign URL,QR Code File,Poster File Name,Facebook JPG File Name,Campaign Source,Campaign Medium,Campaign Name,Campaign Content,Campaign Term,Short Link Slug,Attribution URL,Contact Role,Contact Confidence,Website Source URL,Facebook Source URL,Email Source URL,Phone Source URL,Verified Date,Enrichment Status,Enrichment Notes,Data Quality Flag
A&W Ironworks Bar & Grill,WI,Sparta,Tavern / Supper Club,WI-TAVERN-001,,,,,Poster / QR Outreach,,,,5,Not Started,,,"Send founder intro + DeerCamp poster/QR; ask owner/manager about posting near bar, bulletin board, or rifle-opener/weekend traffic.",,Tavern Poster / QR Partner,0,checked,DeerCamp Tavern/Supper Club prospect research,Tier 1,,Warm fit,"County Deer Indicator: Wisconsin high deer hunting / rural outdoor recreation corridor; verify county ranking in source | County Source: https://dnr.wisconsin.gov/topic/WildlifeHabitat/harvest/deerharvest | County Selection: Wisconsin high deer hunting / rural outdoor recreation corridor; verify county ranking in source | Fit Reason: local bar/tavern format; located in or near a prioritized deer-hunting county; good fit for poster/QR handoff and founder-intro outreach | Original Notes: Expanded prospect list; verify current ownership, best contact, and DeerCamp hunting-culture cues before outreach.",Year-round; strongest before archery and rifle opener,checked,In-person dropoff,WI,"Tavern / Supper Club,WI,WI-TAVERN-016,Deer Hunting Counties,QR Poster",6/4/2026,,,,Tavern/Supper Club Top 30 per State research workbook,a w ironworks bar grill,name::a w ironworks bar grill,a w ironworks bar grill | sparta | wi,1.0,A&W Ironworks Bar & Grill,TAVERN PARTNER,A&W Ironworks Bar & Grill,TAVERN PARTNER,WI-TAVERN-001,https://www.ourdeercamp.com/r/wi-tavern-001,WI-TAVERN-001-aandw-ironworks-bar-and-grill-qr.png,WI-TAVERN-001-aandw-ironworks-bar-and-grill-poster.pdf,WI-TAVERN-001-aandw-ironworks-bar-and-grill-facebook.jpg,wi-tavern,qr-poster,wi-tavern-partners,WI-TAVERN-001,aandw-ironworks-bar-and-grill,wi-tavern-001,https://www.ourdeercamp.com/r/wi-tavern-001,,Not Found,,,,,,Ready for Enrichment,,Needs Review
Blanck's Supper Club,WI,Malone,Tavern / Supper Club,WI-TAVERN-002,,,,,Poster / QR Outreach,,,,5,Not Started,,,"Send founder intro + DeerCamp poster/QR; ask owner/manager about posting near bar, bulletin board, or rifle-opener/weekend traffic.",,Tavern Poster / QR Partner,0,checked,DeerCamp Tavern/Supper Club prospect research,Tier 1,,Warm fit,"County Deer Indicator: Wisconsin high deer hunting / rural outdoor recreation corridor; verify county ranking in source | County Source: https://dnr.wisconsin.gov/topic/WildlifeHabitat/harvest/deerharvest | County Selection: Wisconsin high deer hunting / rural outdoor recreation corridor; verify county ranking in source | Fit Reason: supper-club style gathering place; located in or near a prioritized deer-hunting county; good fit for poster/QR handoff and founder-intro outreach | Original Notes: Expanded prospect list; verify current ownership, best contact, and DeerCamp hunting-culture cues before outreach.",Year-round; strongest before archery and rifle opener,checked,In-person dropoff,WI,"Tavern / Supper Club,WI,WI-TAVERN-022,Deer Hunting Counties,QR Poster",6/4/2026,,,,Tavern/Supper Club Top 30 per State research workbook,blanck s supper club,name::blanck s supper club,blanck s supper club | malone | wi,1.0,Blanck's Supper Club,SUPPER CLUB PARTNER,Blanck's Supper Club,SUPPER CLUB PARTNER,WI-TAVERN-002,https://www.ourdeercamp.com/r/wi-tavern-002,WI-TAVERN-002-blanck-s-supper-club-qr.png,WI-TAVERN-002-blanck-s-supper-club-poster.pdf,WI-TAVERN-002-blanck-s-supper-club-facebook.jpg,wi-tavern,qr-poster,wi-tavern-partners,WI-TAVERN-002,blanck-s-supper-club,wi-tavern-002,https://www.ourdeercamp.com/r/wi-tavern-002,,Not Found,,,,,,Ready for Enrichment,,Needs Review
Boot Hill Pub,WI,La Crosse,Tavern / Supper Club,WI-TAVERN-003,,,,,Poster / QR Outreach,,,,5,Not Started,,,"Send founder intro + DeerCamp poster/QR; ask owner/manager about posting near bar, bulletin board, or rifle-opener/weekend traffic.",,Tavern Poster / QR Partner,0,checked,DeerCamp Tavern/Supper Club prospect research,Tier 1,,Warm fit,"County Deer Indicator: Wisconsin high deer hunting / rural outdoor recreation corridor; verify county ranking in source | County Source: https://dnr.wisconsin.gov/topic/WildlifeHabitat/harvest/deerharvest | County Selection: Wisconsin high deer hunting / rural outdoor recreation corridor; verify county ranking in source | Fit Reason: local bar/tavern format; located in or near a prioritized deer-hunting county; good fit for poster/QR handoff and founder-intro outreach | Original Notes: Expanded prospect list; verify current ownership, best contact, and DeerCamp hunting-culture cues before outreach.",Year-round; strongest before archery and rifle opener,checked,In-person dropoff,WI,"Tavern / Supper Club,WI,WI-TAVERN-027,Deer Hunting Counties,QR Poster",6/4/2026,,,,Tavern/Supper Club Top 30 per State research workbook,boot hill pub,name::boot hill pub,boot hill pub | la crosse | wi,1.0,Boot Hill Pub,TAVERN PARTNER,Boot Hill Pub,TAVERN PARTNER,WI-TAVERN-003,https://www.ourdeercamp.com/r/wi-tavern-003,WI-TAVERN-003-boot-hill-pub-qr.png,WI-TAVERN-003-boot-hill-pub-poster.pdf,WI-TAVERN-003-boot-hill-pub-facebook.jpg,wi-tavern,qr-poster,wi-tavern-partners,WI-TAVERN-003,boot-hill-pub,wi-tavern-003,https://www.ourdeercamp.com/r/wi-tavern-003,,Not Found,,,,,,Ready for Enrichment,,Needs Review
Borgen's Cafe,WI,Westby,Tavern / Supper Club,WI-TAVERN-004,,,,,Poster / QR Outreach,,,,5,Not Started,,,"Send founder intro + DeerCamp poster/QR; ask owner/manager about posting near bar, bulletin board, or rifle-opener/weekend traffic.",,Tavern Poster / QR Partner,0,checked,DeerCamp Tavern/Supper Club prospect research,Tier 1,,Warm fit,"County Deer Indicator: 2025 WI DNR Driftless/coulee deer harvest corridor | County Source: https://dnr.wisconsin.gov/topic/WildlifeHabitat/harvest/deerharvest | County Selection: 2025 WI DNR Driftless/coulee deer harvest corridor | Fit Reason: located in or near a prioritized deer-hunting county; good fit for poster/QR handoff and founder-intro outreach | Original Notes: Expanded prospect list; verify current ownership, best contact, and DeerCamp hunting-culture cues before outreach.",Year-round; strongest before archery and rifle opener,checked,In-person dropoff,WI,"Tavern / Supper Club,WI,WI-TAVERN-013,Deer Hunting Counties,QR Poster",6/4/2026,,,,Tavern/Supper Club Top 30 per State research workbook,borgen s cafe,name::borgen s cafe,borgen s cafe | westby | wi,1.0,Borgen's Cafe,TAVERN PARTNER,Borgen's Cafe,TAVERN PARTNER,WI-TAVERN-004,https://www.ourdeercamp.com/r/wi-tavern-004,WI-TAVERN-004-borgen-s-cafe-qr.png,WI-TAVERN-004-borgen-s-cafe-poster.pdf,WI-TAVERN-004-borgen-s-cafe-facebook.jpg,wi-tavern,qr-poster,wi-tavern-partners,WI-TAVERN-004,borgen-s-cafe,wi-tavern-004,https://www.ourdeercamp.com/r/wi-tavern-004,,Not Found,,,,,,Ready for Enrichment,,Needs Review
Buckhorn Supper Club,WI,Milton,Tavern / Supper Club,WI-TAVERN-005,,,,,Poster / QR Outreach,,,,5,Not Started,,,"Send founder intro + DeerCamp poster/QR; ask owner/manager about posting near bar, bulletin board, or rifle-opener/weekend traffic.",,Tavern Poster / QR Partner,0,checked,DeerCamp Tavern/Supper Club prospect research,Tier 1,,Warm fit,"County Deer Indicator: Wisconsin high deer hunting / rural outdoor recreation corridor; verify county ranking in source | County Source: https://dnr.wisconsin.gov/topic/WildlifeHabitat/harvest/deerharvest | County Selection: Wisconsin high deer hunting / rural outdoor recreation corridor; verify county ranking in source | Fit Reason: supper-club style gathering place; located in or near a prioritized deer-hunting county; good fit for poster/QR handoff and founder-intro outreach | Original Notes: Expanded prospect list; verify current ownership, best contact, and DeerCamp hunting-culture cues before outreach.",Year-round; strongest before archery and rifle opener,checked,In-person dropoff,WI,"Tavern / Supper Club,WI,WI-TAVERN-020,Deer Hunting Counties,QR Poster",6/4/2026,,,,Tavern/Supper Club Top 30 per State research workbook,buckhorn supper club,name::buckhorn supper club,buckhorn supper club | milton | wi,1.0,Buckhorn Supper Club,SUPPER CLUB PARTNER,Buckhorn Supper Club,SUPPER CLUB PARTNER,WI-TAVERN-005,https://www.ourdeercamp.com/r/wi-tavern-005,WI-TAVERN-005-buckhorn-supper-club-qr.png,WI-TAVERN-005-buckhorn-supper-club-poster.pdf,WI-TAVERN-005-buckhorn-supper-club-facebook.jpg,wi-tavern,qr-poster,wi-tavern-partners,WI-TAVERN-005,buckhorn-supper-club,wi-tavern-005,https://www.ourdeercamp.com/r/wi-tavern-005,,Not Found,,,,,,Ready for Enrichment,,Needs Review
Club 16,WI,Sparta,Tavern / Supper Club,WI-TAVERN-006,,,,,Poster / QR Outreach,,,,5,Not Started,,,"Send founder intro + DeerCamp poster/QR; ask owner/manager about posting near bar, bulletin board, or rifle-opener/weekend traffic.",,Tavern Poster / QR Partner,0,checked,DeerCamp Tavern/Supper Club prospect research,Tier 1,,Warm fit,"County Deer Indicator: Wisconsin high deer hunting / rural outdoor recreation corridor; verify county ranking in source | County Source: https://dnr.wisconsin.gov/topic/WildlifeHabitat/harvest/deerharvest | County Selection: Wisconsin high deer hunting / rural outdoor recreation corridor; verify county ranking in source | Fit Reason: local bar/tavern format; located in or near a prioritized deer-hunting county; good fit for poster/QR handoff and founder-intro outreach | Original Notes: Expanded prospect list; verify current ownership, best contact, and DeerCamp hunting-culture cues before outreach.",Year-round; strongest before archery and rifle opener,checked,In-person dropoff,WI,"Tavern / Supper Club,WI,WI-TAVERN-017,Deer Hunting Counties,QR Poster",6/4/2026,,,,Tavern/Supper Club Top 30 per State research workbook,club 16,name::club 16,club 16 | sparta | wi,1.0,Club 16,TAVERN PARTNER,Club 16,TAVERN PARTNER,WI-TAVERN-006,https://www.ourdeercamp.com/r/wi-tavern-006,WI-TAVERN-006-club-16-qr.png,WI-TAVERN-006-club-16-poster.pdf,WI-TAVERN-006-club-16-facebook.jpg,wi-tavern,qr-poster,wi-tavern-partners,WI-TAVERN-006,club-16,wi-tavern-006,https://www.ourdeercamp.com/r/wi-tavern-006,,Not Found,,,,,,Ready for Enrichment,,Needs Review
Club 23,WI,Wisconsin Dells,Tavern / Supper Club,WI-TAVERN-007,,,,,Poster / QR Outreach,,,,5,Not Started,,,"Send founder intro + DeerCamp poster/QR; ask owner/manager about posting near bar, bulletin board, or rifle-opener/weekend traffic.",,Tavern Poster / QR Partner,0,checked,DeerCamp Tavern/Supper Club prospect research,Tier 1,,Warm fit,"County Deer Indicator: 2025 WI DNR south-central public/private deer hunting activity | County Source: https://dnr.wisconsin.gov/topic/WildlifeHabitat/harvest/deerharvest | County Selection: 2025 WI DNR south-central public/private deer hunting activity | Fit Reason: supper-club style gathering place; located in or near a prioritized deer-hunting county; good fit for poster/QR handoff and founder-intro outreach | Original Notes: Expanded prospect list; verify current ownership, best contact, and DeerCamp hunting-culture cues before outreach.",Year-round; strongest before archery and rifle opener,checked,In-person dropoff,WI,"Tavern / Supper Club,WI,WI-TAVERN-025,Deer Hunting Counties,QR Poster",6/4/2026,,,,Tavern/Supper Club Top 30 per State research workbook,club 23,name::club 23,club 23 | wisconsin dells | wi,1.0,Club 23,TAVERN PARTNER,Club 23,TAVERN PARTNER,WI-TAVERN-007,https://www.ourdeercamp.com/r/wi-tavern-007,WI-TAVERN-007-club-23-qr.png,WI-TAVERN-007-club-23-poster.pdf,WI-TAVERN-007-club-23-facebook.jpg,wi-tavern,qr-poster,wi-tavern-partners,WI-TAVERN-007,club-23,wi-tavern-007,https://www.ourdeercamp.com/r/wi-tavern-007,,Not Found,,,,,,Ready for Enrichment,,Needs Review
Cream Bar,WI,Alma,Tavern / Supper Club,WI-TAVERN-008,,,,,Poster / QR Outreach,,,,5,Not Started,,,"Send founder intro + DeerCamp poster/QR; ask owner/manager about posting near bar, bulletin board, or rifle-opener/weekend traffic.",,Tavern Poster / QR Partner,0,checked,DeerCamp Tavern/Supper Club prospect research,Tier 1,,Warm fit,"County Deer Indicator: 2025 WI DNR western bluff-country deer activity | County Source: https://dnr.wisconsin.gov/topic/WildlifeHabitat/harvest/deerharvest | County Selection: 2025 WI DNR western bluff-country deer activity | Fit Reason: local bar/tavern format; located in or near a prioritized deer-hunting county; good fit for poster/QR handoff and founder-intro outreach | Original Notes: Expanded prospect list; verify current ownership, best contact, and DeerCamp hunting-culture cues before outreach.",Year-round; strongest before archery and rifle opener,checked,In-person dropoff,WI,"Tavern / Supper Club,WI,WI-TAVERN-005,Deer Hunting Counties,QR Poster",6/4/2026,,,,Tavern/Supper Club Top 30 per State research workbook,cream bar,name::cream bar,cream bar | alma | wi,1.0,Cream Bar,TAVERN PARTNER,Cream Bar,TAVERN PARTNER,WI-TAVERN-008,https://www.ourdeercamp.com/r/wi-tavern-008,WI-TAVERN-008-cream-bar-qr.png,WI-TAVERN-008-cream-bar-poster.pdf,WI-TAVERN-008-cream-bar-facebook.jpg,wi-tavern,qr-poster,wi-tavern-partners,WI-TAVERN-008,cream-bar,wi-tavern-008,https://www.ourdeercamp.com/r/wi-tavern-008,,Not Found,,,,,,Ready for Enrichment,,Needs Review
Driftless Cafe,WI,Viroqua,Tavern / Supper Club,WI-TAVERN-009,,,,,Poster / QR Outreach,,,,5,Not Started,,,"Send founder intro + DeerCamp poster/QR; ask owner/manager about posting near bar, bulletin board, or rifle-opener/weekend traffic.",,Tavern Poster / QR Partner,0,checked,DeerCamp Tavern/Supper Club prospect research,Tier 1,,Warm fit,"County Deer Indicator: 2025 WI DNR Driftless/coulee deer harvest corridor | County Source: https://dnr.wisconsin.gov/topic/WildlifeHabitat/harvest/deerharvest | County Selection: 2025 WI DNR Driftless/coulee deer harvest corridor | Fit Reason: local bar/tavern format; located in or near a prioritized deer-hunting county; good fit for poster/QR handoff and founder-intro outreach | Original Notes: Expanded prospect list; verify current ownership, best contact, and DeerCamp hunting-culture cues before outreach.",Year-round; strongest before archery and rifle opener,checked,In-person dropoff,WI,"Tavern / Supper Club,WI,WI-TAVERN-011,Deer Hunting Counties,QR Poster",6/4/2026,,,,Tavern/Supper Club Top 30 per State research workbook,driftless cafe,name::driftless cafe,driftless cafe | viroqua | wi,1.0,Driftless Cafe,TAVERN PARTNER,Driftless Cafe,TAVERN PARTNER,WI-TAVERN-009,https://www.ourdeercamp.com/r/wi-tavern-009,WI-TAVERN-009-driftless-cafe-qr.png,WI-TAVERN-009-driftless-cafe-poster.pdf,WI-TAVERN-009-driftless-cafe-facebook.jpg,wi-tavern,qr-poster,wi-tavern-partners,WI-TAVERN-009,driftless-cafe,wi-tavern-009,https://www.ourdeercamp.com/r/wi-tavern-009,,Not Found,,,,,,Ready for Enrichment,,Needs Review
Features Sports Bar & Grill,WI,Holmen,Tavern / Supper Club,WI-TAVERN-010,,,,,Poster / QR Outreach,,,,5,Not Started,,,"Send founder intro + DeerCamp poster/QR; ask owner/manager about posting near bar, bulletin board, or rifle-opener/weekend traffic.",,Tavern Poster / QR Partner,0,checked,DeerCamp Tavern/Supper Club prospect research,Tier 1,,Warm fit,"County Deer Indicator: Wisconsin high deer hunting / rural outdoor recreation corridor; verify county ranking in source | County Source: https://dnr.wisconsin.gov/topic/WildlifeHabitat/harvest/deerharvest | County Selection: Wisconsin high deer hunting / rural outdoor recreation corridor; verify county ranking in source | Fit Reason: local bar/tavern format; located in or near a prioritized deer-hunting county; good fit for poster/QR handoff and founder-intro outreach | Original Notes: Expanded prospect list; verify current ownership, best contact, and DeerCamp hunting-culture cues before outreach.",Year-round; strongest before archery and rifle opener,checked,In-person dropoff,WI,"Tavern / Supper Club,WI,WI-TAVERN-028,Deer Hunting Counties,QR Poster",6/4/2026,,,,Tavern/Supper Club Top 30 per State research workbook,features sports bar grill,name::features sports bar grill,features sports bar grill | holmen | wi,1.0,Features Sports Bar & Grill,TAVERN PARTNER,Features Sports Bar & Grill,TAVERN PARTNER,WI-TAVERN-010,https://www.ourdeercamp.com/r/wi-tavern-010,WI-TAVERN-010-features-sports-bar-and-grill-qr.png,WI-TAVERN-010-features-sports-bar-and-grill-poster.pdf,WI-TAVERN-010-features-sports-bar-and-grill-facebook.jpg,wi-tavern,qr-poster,wi-tavern-partners,WI-TAVERN-010,features-sports-bar-and-grill,wi-tavern-010,https://www.ourdeercamp.com/r/wi-tavern-010,,Not Found,,,,,,Ready for Enrichment,,Needs Review
Fortney Underground Theater & Pub,WI,Viroqua,Tavern / Supper Club,WI-TAVERN-011,,,,,Poster / QR Outreach,,,,5,Not Started,,,"Send founder intro + DeerCamp poster/QR; ask owner/manager about posting near bar, bulletin board, or rifle-opener/weekend traffic.",,Tavern Poster / QR Partner,0,checked,DeerCamp Tavern/Supper Club prospect research,Tier 1,,Warm fit,"County Deer Indicator: 2025 WI DNR Driftless/coulee deer harvest corridor | County Source: https://dnr.wisconsin.gov/topic/WildlifeHabitat/harvest/deerharvest | County Selection: 2025 WI DNR Driftless/coulee deer harvest corridor | Fit Reason: local bar/tavern format; located in or near a prioritized deer-hunting county; good fit for poster/QR handoff and founder-intro outreach | Original Notes: Expanded prospect list; verify current ownership, best contact, and DeerCamp hunting-culture cues before outreach.",Year-round; strongest before archery and rifle opener,checked,In-person dropoff,WI,"Tavern / Supper Club,WI,WI-TAVERN-015,Deer Hunting Counties,QR Poster",6/4/2026,,,,Tavern/Supper Club Top 30 per State research workbook,fortney underground theater pub,name::fortney underground theater pub,fortney underground theater pub | viroqua | wi,1.0,Fortney Underground Theater & Pub,TAVERN PARTNER,Fortney Underground Theater & Pub,TAVERN PARTNER,WI-TAVERN-011,https://www.ourdeercamp.com/r/wi-tavern-011,WI-TAVERN-011-fortney-underground-theater-and-pub-qr.png,WI-TAVERN-011-fortney-underground-theater-and-pub-poster.pdf,WI-TAVERN-011-fortney-underground-theater-and-pub-facebook.jpg,wi-tavern,qr-poster,wi-tavern-partners,WI-TAVERN-011,fortney-underground-theater-and-pub,wi-tavern-011,https://www.ourdeercamp.com/r/wi-tavern-011,,Not Found,,,,,,Ready for Enrichment,,Needs Review
Hillsboro Brewing Company,WI,Hillsboro,Tavern / Supper Club,WI-TAVERN-012,,,,,Poster / QR Outreach,,,,5,Not Started,,,"Send founder intro + DeerCamp poster/QR; ask owner/manager about posting near bar, bulletin board, or rifle-opener/weekend traffic.",,Tavern Poster / QR Partner,0,checked,DeerCamp Tavern/Supper Club prospect research,Tier 1,,Warm fit,"County Deer Indicator: 2025 WI DNR Driftless/coulee deer harvest corridor | County Source: https://dnr.wisconsin.gov/topic/WildlifeHabitat/harvest/deerharvest | County Selection: 2025 WI DNR Driftless/coulee deer harvest corridor | Fit Reason: local bar/tavern format; regional brewpub with group-visit potential; located in or near a prioritized deer-hunting county; good fit for poster/QR handoff and founder-intro outreach | Original Notes: Expanded prospect list; verify current ownership, best contact, and DeerCamp hunting-culture cues before outreach.",Year-round; strongest before archery and rifle opener,checked,In-person dropoff,WI,"Tavern / Supper Club,WI,WI-TAVERN-010,Deer Hunting Counties,QR Poster",6/4/2026,,,,Tavern/Supper Club Top 30 per State research workbook,hillsboro brewing company,name::hillsboro brewing company,hillsboro brewing company | hillsboro | wi,1.0,Hillsboro Brewing Company,TAVERN PARTNER,Hillsboro Brewing Company,TAVERN PARTNER,WI-TAVERN-012,https://www.ourdeercamp.com/r/wi-tavern-012,WI-TAVERN-012-hillsboro-brewing-company-qr.png,WI-TAVERN-012-hillsboro-brewing-company-poster.pdf,WI-TAVERN-012-hillsboro-brewing-company-facebook.jpg,wi-tavern,qr-poster,wi-tavern-partners,WI-TAVERN-012,hillsboro-brewing-company,wi-tavern-012,https://www.ourdeercamp.com/r/wi-tavern-012,,Not Found,,,,,,Ready for Enrichment,,Needs Review
Ishnala Supper Club,WI,Lake Delton,Tavern / Supper Club,WI-TAVERN-013,,,,,Poster / QR Outreach,,,,5,Not Started,,,"Send founder intro + DeerCamp poster/QR; ask owner/manager about posting near bar, bulletin board, or rifle-opener/weekend traffic.",,Tavern Poster / QR Partner,0,checked,DeerCamp Tavern/Supper Club prospect research,Tier 1,,Warm fit,"County Deer Indicator: 2025 WI DNR south-central public/private deer hunting activity | County Source: https://dnr.wisconsin.gov/topic/WildlifeHabitat/harvest/deerharvest | County Selection: 2025 WI DNR south-central public/private deer hunting activity | Fit Reason: supper-club style gathering place; located in or near a prioritized deer-hunting county; good fit for poster/QR handoff and founder-intro outreach | Original Notes: Expanded prospect list; verify current ownership, best contact, and DeerCamp hunting-culture cues before outreach.",Year-round; strongest before archery and rifle opener,checked,In-person dropoff,WI,"Tavern / Supper Club,WI,WI-TAVERN-023,Deer Hunting Counties,QR Poster",6/4/2026,,,,Tavern/Supper Club Top 30 per State research workbook,ishnala supper club,name::ishnala supper club,ishnala supper club | lake delton | wi,1.0,Ishnala Supper Club,SUPPER CLUB PARTNER,Ishnala Supper Club,SUPPER CLUB PARTNER,WI-TAVERN-013,https://www.ourdeercamp.com/r/wi-tavern-013,WI-TAVERN-013-ishnala-supper-club-qr.png,WI-TAVERN-013-ishnala-supper-club-poster.pdf,WI-TAVERN-013-ishnala-supper-club-facebook.jpg,wi-tavern,qr-poster,wi-tavern-partners,WI-TAVERN-013,ishnala-supper-club,wi-tavern-013,https://www.ourdeercamp.com/r/wi-tavern-013,,Not Found,,,,,,Ready for Enrichment,,Needs Review
Nordic Lanes,WI,Westby,Tavern / Supper Club,WI-TAVERN-014,,,,,Poster / QR Outreach,,,,5,Not Started,,,"Send founder intro + DeerCamp poster/QR; ask owner/manager about posting near bar, bulletin board, or rifle-opener/weekend traffic.",,Tavern Poster / QR Partner,0,checked,DeerCamp Tavern/Supper Club prospect research,Tier 1,,Warm fit,"County Deer Indicator: 2025 WI DNR Driftless/coulee deer harvest corridor | County Source: https://dnr.wisconsin.gov/topic/WildlifeHabitat/harvest/deerharvest | County Selection: 2025 WI DNR Driftless/coulee deer harvest corridor | Fit Reason: local bar/tavern format; located in or near a prioritized deer-hunting county; good fit for poster/QR handoff and founder-intro outreach | Original Notes: Expanded prospect list; verify current ownership, best contact, and DeerCamp hunting-culture cues before outreach.",Year-round; strongest before archery and rifle opener,checked,In-person dropoff,WI,"Tavern / Supper Club,WI,WI-TAVERN-014,Deer Hunting Counties,QR Poster",6/4/2026,,,,Tavern/Supper Club Top 30 per State research workbook,nordic lanes,name::nordic lanes,nordic lanes | westby | wi,1.0,Nordic Lanes,TAVERN PARTNER,Nordic Lanes,TAVERN PARTNER,WI-TAVERN-014,https://www.ourdeercamp.com/r/wi-tavern-014,WI-TAVERN-014-nordic-lanes-qr.png,WI-TAVERN-014-nordic-lanes-poster.pdf,WI-TAVERN-014-nordic-lanes-facebook.jpg,wi-tavern,qr-poster,wi-tavern-partners,WI-TAVERN-014,nordic-lanes,wi-tavern-014,https://www.ourdeercamp.com/r/wi-tavern-014,,Not Found,,,,,,Ready for Enrichment,,Needs Review
Old Towne Inn Supper Club,WI,Westby,Tavern / Supper Club,WI-TAVERN-015,https://oldtowneinnwestby.com/,,,,Poster / QR Outreach,,,(608) 634-3991,5,Not Started,,,"Send founder intro + DeerCamp poster/QR; ask owner/manager about posting near bar, bulletin board, or rifle-opener/weekend traffic.",,Tavern Poster / QR Partner,0,checked,DeerCamp Tavern/Supper Club prospect research,Tier 1,,Warm fit,"County Deer Indicator: 2025 WI DNR Driftless/coulee deer harvest corridor | County Source: https://dnr.wisconsin.gov/topic/WildlifeHabitat/harvest/deerharvest | County Selection: 2025 WI DNR Driftless/coulee deer harvest corridor | Fit Reason: supper-club style gathering place; located in or near a prioritized deer-hunting county; good fit for poster/QR handoff and founder-intro outreach | Original Notes: Expanded prospect list; verify current ownership, best contact, and DeerCamp hunting-culture cues before outreach. Some public contact info populated from search results or known public site.",Year-round; strongest before archery and rifle opener,checked,Phone,WI,"Tavern / Supper Club,WI,WI-TAVERN-001,Deer Hunting Counties,QR Poster",6/4/2026,,,,Tavern/Supper Club Top 30 per State research workbook,old towne inn supper club,domain::oldtowneinnwestby.com,old towne inn supper club | westby | wi,1.0,Old Towne Inn Supper Club,SUPPER CLUB PARTNER,Old Towne Inn Supper Club,SUPPER CLUB PARTNER,WI-TAVERN-015,https://www.ourdeercamp.com/r/wi-tavern-015,WI-TAVERN-015-old-towne-inn-supper-club-qr.png,WI-TAVERN-015-old-towne-inn-supper-club-poster.pdf,WI-TAVERN-015-old-towne-inn-supper-club-facebook.jpg,wi-tavern,qr-poster,wi-tavern-partners,WI-TAVERN-015,old-towne-inn-supper-club,wi-tavern-015,https://www.ourdeercamp.com/r/wi-tavern-015,,Not Found,,,,,,Ready for Enrichment,,Needs Review
Pacifico Mexican Bar & Grill,WI,Viroqua,Tavern / Supper Club,WI-TAVERN-016,,,,,Poster / QR Outreach,,,,5,Not Started,,,"Send founder intro + DeerCamp poster/QR; ask owner/manager about posting near bar, bulletin board, or rifle-opener/weekend traffic.",,Tavern Poster / QR Partner,0,checked,DeerCamp Tavern/Supper Club prospect research,Tier 1,,Warm fit,"County Deer Indicator: 2025 WI DNR Driftless/coulee deer harvest corridor | County Source: https://dnr.wisconsin.gov/topic/WildlifeHabitat/harvest/deerharvest | County Selection: 2025 WI DNR Driftless/coulee deer harvest corridor | Fit Reason: local bar/tavern format; located in or near a prioritized deer-hunting county; good fit for poster/QR handoff and founder-intro outreach | Original Notes: Expanded prospect list; verify current ownership, best contact, and DeerCamp hunting-culture cues before outreach.",Year-round; strongest before archery and rifle opener,checked,In-person dropoff,WI,"Tavern / Supper Club,WI,WI-TAVERN-012,Deer Hunting Counties,QR Poster",6/4/2026,,,,Tavern/Supper Club Top 30 per State research workbook,pacifico mexican bar grill,name::pacifico mexican bar grill,pacifico mexican bar grill | viroqua | wi,1.0,Pacifico Mexican Bar & Grill,TAVERN PARTNER,Pacifico Mexican Bar & Grill,TAVERN PARTNER,WI-TAVERN-016,https://www.ourdeercamp.com/r/wi-tavern-016,WI-TAVERN-016-pacifico-mexican-bar-and-grill-qr.png,WI-TAVERN-016-pacifico-mexican-bar-and-grill-poster.pdf,WI-TAVERN-016-pacifico-mexican-bar-and-grill-facebook.jpg,wi-tavern,qr-poster,wi-tavern-partners,WI-TAVERN-016,pacifico-mexican-bar-and-grill,wi-tavern-016,https://www.ourdeercamp.com/r/wi-tavern-016,,Not Found,,,,,,Ready for Enrichment,,Needs Review
River Ratz Saloon,WI,Buffalo City,Tavern / Supper Club,WI-TAVERN-017,https://riverratz.biz/,,,,Poster / QR Outreach,,,,5,Not Started,,,"Send founder intro + DeerCamp poster/QR; ask owner/manager about posting near bar, bulletin board, or rifle-opener/weekend traffic.",,Tavern Poster / QR Partner,0,checked,DeerCamp Tavern/Supper Club prospect research,Tier 1,,Warm fit,"County Deer Indicator: 2025 WI DNR western bluff-country deer activity | County Source: https://dnr.wisconsin.gov/topic/WildlifeHabitat/harvest/deerharvest | County Selection: 2025 WI DNR western bluff-country deer activity | Fit Reason: local bar/tavern format; located in or near a prioritized deer-hunting county; good fit for poster/QR handoff and founder-intro outreach | Original Notes: Expanded prospect list; verify current ownership, best contact, and DeerCamp hunting-culture cues before outreach. Some public contact info populated from search results or known public site.",Year-round; strongest before archery and rifle opener,checked,In-person dropoff,WI,"Tavern / Supper Club,WI,WI-TAVERN-003,Deer Hunting Counties,QR Poster",6/4/2026,,,,Tavern/Supper Club Top 30 per State research workbook,river ratz saloon,domain::riverratz.biz,river ratz saloon | buffalo city | wi,1.0,River Ratz Saloon,TAVERN PARTNER,River Ratz Saloon,TAVERN PARTNER,WI-TAVERN-017,https://www.ourdeercamp.com/r/wi-tavern-017,WI-TAVERN-017-river-ratz-saloon-qr.png,WI-TAVERN-017-river-ratz-saloon-poster.pdf,WI-TAVERN-017-river-ratz-saloon-facebook.jpg,wi-tavern,qr-poster,wi-tavern-partners,WI-TAVERN-017,river-ratz-saloon,wi-tavern-017,https://www.ourdeercamp.com/r/wi-tavern-017,,Not Found,,,,,,Ready for Enrichment,,Needs Review
River Road Tavern,WI,Alma,Tavern / Supper Club,WI-TAVERN-018,,,,,Poster / QR Outreach,,,,5,Not Started,,,"Send founder intro + DeerCamp poster/QR; ask owner/manager about posting near bar, bulletin board, or rifle-opener/weekend traffic.",,Tavern Poster / QR Partner,0,checked,DeerCamp Tavern/Supper Club prospect research,Tier 1,,Warm fit,"County Deer Indicator: 2025 WI DNR western bluff-country deer activity | County Source: https://dnr.wisconsin.gov/topic/WildlifeHabitat/harvest/deerharvest | County Selection: 2025 WI DNR western bluff-country deer activity | Fit Reason: local bar/tavern format; located in or near a prioritized deer-hunting county; good fit for poster/QR handoff and founder-intro outreach | Original Notes: Expanded prospect list; verify current ownership, best contact, and DeerCamp hunting-culture cues before outreach.",Year-round; strongest before archery and rifle opener,checked,In-person dropoff,WI,"Tavern / Supper Club,WI,WI-TAVERN-002,Deer Hunting Counties,QR Poster",6/4/2026,,,,Tavern/Supper Club Top 30 per State research workbook,river road tavern,name::river road tavern,river road tavern | alma | wi,1.0,River Road Tavern,TAVERN PARTNER,River Road Tavern,TAVERN PARTNER,WI-TAVERN-018,https://www.ourdeercamp.com/r/wi-tavern-018,WI-TAVERN-018-river-road-tavern-qr.png,WI-TAVERN-018-river-road-tavern-poster.pdf,WI-TAVERN-018-river-road-tavern-facebook.jpg,wi-tavern,qr-poster,wi-tavern-partners,WI-TAVERN-018,river-road-tavern,wi-tavern-018,https://www.ourdeercamp.com/r/wi-tavern-018,,Not Found,,,,,,Ready for Enrichment,,Needs Review
Roger's Supper Club,WI,Mondovi,Tavern / Supper Club,WI-TAVERN-019,,,,,Poster / QR Outreach,,,,5,Not Started,,,"Send founder intro + DeerCamp poster/QR; ask owner/manager about posting near bar, bulletin board, or rifle-opener/weekend traffic.",,Tavern Poster / QR Partner,0,checked,DeerCamp Tavern/Supper Club prospect research,Tier 1,,Warm fit,"County Deer Indicator: 2025 WI DNR western bluff-country deer activity | County Source: https://dnr.wisconsin.gov/topic/WildlifeHabitat/harvest/deerharvest | County Selection: 2025 WI DNR western bluff-country deer activity | Fit Reason: supper-club style gathering place; located in or near a prioritized deer-hunting county; good fit for poster/QR handoff and founder-intro outreach | Original Notes: Expanded prospect list; verify current ownership, best contact, and DeerCamp hunting-culture cues before outreach.",Year-round; strongest before archery and rifle opener,checked,In-person dropoff,WI,"Tavern / Supper Club,WI,WI-TAVERN-007,Deer Hunting Counties,QR Poster",6/4/2026,,,,Tavern/Supper Club Top 30 per State research workbook,roger s supper club,name::roger s supper club,roger s supper club | mondovi | wi,1.0,Roger's Supper Club,SUPPER CLUB PARTNER,Roger's Supper Club,SUPPER CLUB PARTNER,WI-TAVERN-019,https://www.ourdeercamp.com/r/wi-tavern-019,WI-TAVERN-019-roger-s-supper-club-qr.png,WI-TAVERN-019-roger-s-supper-club-poster.pdf,WI-TAVERN-019-roger-s-supper-club-facebook.jpg,wi-tavern,qr-poster,wi-tavern-partners,WI-TAVERN-019,roger-s-supper-club,wi-tavern-019,https://www.ourdeercamp.com/r/wi-tavern-019,,Not Found,,,,,,Ready for Enrichment,,Needs Review
Silvercryst Supper Club,WI,Wautoma,Tavern / Supper Club,WI-TAVERN-020,,,,,Poster / QR Outreach,,,,5,Not Started,,,"Send founder intro + DeerCamp poster/QR; ask owner/manager about posting near bar, bulletin board, or rifle-opener/weekend traffic.",,Tavern Poster / QR Partner,0,checked,DeerCamp Tavern/Supper Club prospect research,Tier 1,,Warm fit,"County Deer Indicator: Wisconsin high deer hunting / rural outdoor recreation corridor; verify county ranking in source | County Source: https://dnr.wisconsin.gov/topic/WildlifeHabitat/harvest/deerharvest | County Selection: Wisconsin high deer hunting / rural outdoor recreation corridor; verify county ranking in source | Fit Reason: supper-club style gathering place; located in or near a prioritized deer-hunting county; good fit for poster/QR handoff and founder-intro outreach | Original Notes: Expanded prospect list; verify current ownership, best contact, and DeerCamp hunting-culture cues before outreach.",Year-round; strongest before archery and rifle opener,checked,In-person dropoff,WI,"Tavern / Supper Club,WI,WI-TAVERN-021,Deer Hunting Counties,QR Poster",6/4/2026,,,,Tavern/Supper Club Top 30 per State research workbook,silvercryst supper club,name::silvercryst supper club,silvercryst supper club | wautoma | wi,1.0,Silvercryst Supper Club,SUPPER CLUB PARTNER,Silvercryst Supper Club,SUPPER CLUB PARTNER,WI-TAVERN-020,https://www.ourdeercamp.com/r/wi-tavern-020,WI-TAVERN-020-silvercryst-supper-club-qr.png,WI-TAVERN-020-silvercryst-supper-club-poster.pdf,WI-TAVERN-020-silvercryst-supper-club-facebook.jpg,wi-tavern,qr-poster,wi-tavern-partners,WI-TAVERN-020,silvercryst-supper-club,wi-tavern-020,https://www.ourdeercamp.com/r/wi-tavern-020,,Not Found,,,,,,Ready for Enrichment,,Needs Review
Sloopy's Alma Mater,WI,Alma,Tavern / Supper Club,WI-TAVERN-021,,,,,Poster / QR Outreach,,,,5,Not Started,,,"Send founder intro + DeerCamp poster/QR; ask owner/manager about posting near bar, bulletin board, or rifle-opener/weekend traffic.",,Tavern Poster / QR Partner,0,checked,DeerCamp Tavern/Supper Club prospect research,Tier 1,,Warm fit,"County Deer Indicator: 2025 WI DNR western bluff-country deer activity | County Source: https://dnr.wisconsin.gov/topic/WildlifeHabitat/harvest/deerharvest | County Selection: 2025 WI DNR western bluff-country deer activity | Fit Reason: local bar/tavern format; located in or near a prioritized deer-hunting county; good fit for poster/QR handoff and founder-intro outreach | Original Notes: Expanded prospect list; verify current ownership, best contact, and DeerCamp hunting-culture cues before outreach.",Year-round; strongest before archery and rifle opener,checked,In-person dropoff,WI,"Tavern / Supper Club,WI,WI-TAVERN-009,Deer Hunting Counties,QR Poster",6/4/2026,,,,Tavern/Supper Club Top 30 per State research workbook,sloopy s alma mater,name::sloopy s alma mater,sloopy s alma mater | alma | wi,1.0,Sloopy's Alma Mater,TAVERN PARTNER,Sloopy's Alma Mater,TAVERN PARTNER,WI-TAVERN-021,https://www.ourdeercamp.com/r/wi-tavern-021,WI-TAVERN-021-sloopy-s-alma-mater-qr.png,WI-TAVERN-021-sloopy-s-alma-mater-poster.pdf,WI-TAVERN-021-sloopy-s-alma-mater-facebook.jpg,wi-tavern,qr-poster,wi-tavern-partners,WI-TAVERN-021,sloopy-s-alma-mater,wi-tavern-021,https://www.ourdeercamp.com/r/wi-tavern-021,,Not Found,,,,,,Ready for Enrichment,,Needs Review
Sullivan's Supper Club,WI,Trempealeau,Tavern / Supper Club,WI-TAVERN-022,,,,,Poster / QR Outreach,,,,5,Not Started,,,"Send founder intro + DeerCamp poster/QR; ask owner/manager about posting near bar, bulletin board, or rifle-opener/weekend traffic.",,Tavern Poster / QR Partner,0,checked,DeerCamp Tavern/Supper Club prospect research,Tier 1,,Warm fit,"County Deer Indicator: 2025 WI DNR western deer harvest corridor | County Source: https://dnr.wisconsin.gov/topic/WildlifeHabitat/harvest/deerharvest | County Selection: 2025 WI DNR western deer harvest corridor | Fit Reason: supper-club style gathering place; located in or near a prioritized deer-hunting county; good fit for poster/QR handoff and founder-intro outreach | Original Notes: Expanded prospect list; verify current ownership, best contact, and DeerCamp hunting-culture cues before outreach.",Year-round; strongest before archery and rifle opener,checked,In-person dropoff,WI,"Tavern / Supper Club,WI,WI-TAVERN-008,Deer Hunting Counties,QR Poster",6/4/2026,,,,Tavern/Supper Club Top 30 per State research workbook,sullivan s supper club,name::sullivan s supper club,sullivan s supper club | trempealeau | wi,1.0,Sullivan's Supper Club,SUPPER CLUB PARTNER,Sullivan's Supper Club,SUPPER CLUB PARTNER,WI-TAVERN-022,https://www.ourdeercamp.com/r/wi-tavern-022,WI-TAVERN-022-sullivan-s-supper-club-qr.png,WI-TAVERN-022-sullivan-s-supper-club-poster.pdf,WI-TAVERN-022-sullivan-s-supper-club-facebook.jpg,wi-tavern,qr-poster,wi-tavern-partners,WI-TAVERN-022,sullivan-s-supper-club,wi-tavern-022,https://www.ourdeercamp.com/r/wi-tavern-022,,Not Found,,,,,,Ready for Enrichment,,Needs Review
The Barn Restaurant,WI,Prairie du Sac,Tavern / Supper Club,WI-TAVERN-023,,,,,Poster / QR Outreach,,,,5,Not Started,,,"Send founder intro + DeerCamp poster/QR; ask owner/manager about posting near bar, bulletin board, or rifle-opener/weekend traffic.",,Tavern Poster / QR Partner,0,checked,DeerCamp Tavern/Supper Club prospect research,Tier 1,,Warm fit,"County Deer Indicator: 2025 WI DNR south-central public/private deer hunting activity | County Source: https://dnr.wisconsin.gov/topic/WildlifeHabitat/harvest/deerharvest | County Selection: 2025 WI DNR south-central public/private deer hunting activity | Fit Reason: supper-club style gathering place; located in or near a prioritized deer-hunting county; good fit for poster/QR handoff and founder-intro outreach | Original Notes: Expanded prospect list; verify current ownership, best contact, and DeerCamp hunting-culture cues before outreach.",Year-round; strongest before archery and rifle opener,checked,In-person dropoff,WI,"Tavern / Supper Club,WI,WI-TAVERN-024,Deer Hunting Counties,QR Poster",6/4/2026,,,,Tavern/Supper Club Top 30 per State research workbook,the barn restaurant,name::the barn restaurant,the barn restaurant | prairie du sac | wi,1.0,The Barn Restaurant,RESTAURANT PARTNER,The Barn Restaurant,RESTAURANT PARTNER,WI-TAVERN-023,https://www.ourdeercamp.com/r/wi-tavern-023,WI-TAVERN-023-the-barn-restaurant-qr.png,WI-TAVERN-023-the-barn-restaurant-poster.pdf,WI-TAVERN-023-the-barn-restaurant-facebook.jpg,wi-tavern,qr-poster,wi-tavern-partners,WI-TAVERN-023,the-barn-restaurant,wi-tavern-023,https://www.ourdeercamp.com/r/wi-tavern-023,,Not Found,,,,,,Ready for Enrichment,,Needs Review
The Golden Frog,WI,Fountain City,Tavern / Supper Club,WI-TAVERN-024,https://www.thegoldenfrog.com/,,,,Poster / QR Outreach,,,,5,Not Started,,,"Send founder intro + DeerCamp poster/QR; ask owner/manager about posting near bar, bulletin board, or rifle-opener/weekend traffic.",,Tavern Poster / QR Partner,0,checked,DeerCamp Tavern/Supper Club prospect research,Tier 1,,Warm fit,"County Deer Indicator: 2025 WI DNR western bluff-country deer activity | County Source: https://dnr.wisconsin.gov/topic/WildlifeHabitat/harvest/deerharvest | County Selection: 2025 WI DNR western bluff-country deer activity | Fit Reason: local bar/tavern format; located in or near a prioritized deer-hunting county; good fit for poster/QR handoff and founder-intro outreach | Original Notes: Expanded prospect list; verify current ownership, best contact, and DeerCamp hunting-culture cues before outreach. Some public contact info populated from search results or known public site.",Year-round; strongest before archery and rifle opener,checked,In-person dropoff,WI,"Tavern / Supper Club,WI,WI-TAVERN-004,Deer Hunting Counties,QR Poster",6/4/2026,,,,Tavern/Supper Club Top 30 per State research workbook,the golden frog,domain::thegoldenfrog.com,the golden frog | fountain city | wi,1.0,The Golden Frog,TAVERN PARTNER,The Golden Frog,TAVERN PARTNER,WI-TAVERN-024,https://www.ourdeercamp.com/r/wi-tavern-024,WI-TAVERN-024-the-golden-frog-qr.png,WI-TAVERN-024-the-golden-frog-poster.pdf,WI-TAVERN-024-the-golden-frog-facebook.jpg,wi-tavern,qr-poster,wi-tavern-partners,WI-TAVERN-024,the-golden-frog,wi-tavern-024,https://www.ourdeercamp.com/r/wi-tavern-024,,Not Found,,,,,,Ready for Enrichment,,Needs Review
The Potosi Saloon,WI,Potosi,Tavern / Supper Club,WI-TAVERN-025,,,,,Poster / QR Outreach,,,,5,Not Started,,,"Send founder intro + DeerCamp poster/QR; ask owner/manager about posting near bar, bulletin board, or rifle-opener/weekend traffic.",,Tavern Poster / QR Partner,0,checked,DeerCamp Tavern/Supper Club prospect research,Tier 1,,Warm fit,"County Deer Indicator: Wisconsin high deer hunting / rural outdoor recreation corridor; verify county ranking in source | County Source: https://dnr.wisconsin.gov/topic/WildlifeHabitat/harvest/deerharvest | County Selection: Wisconsin high deer hunting / rural outdoor recreation corridor; verify county ranking in source | Fit Reason: local bar/tavern format; located in or near a prioritized deer-hunting county; good fit for poster/QR handoff and founder-intro outreach | Original Notes: Expanded prospect list; verify current ownership, best contact, and DeerCamp hunting-culture cues before outreach.",Year-round; strongest before archery and rifle opener,checked,In-person dropoff,WI,"Tavern / Supper Club,WI,WI-TAVERN-026,Deer Hunting Counties,QR Poster",6/4/2026,,,,Tavern/Supper Club Top 30 per State research workbook,the potosi saloon,name::the potosi saloon,the potosi saloon | potosi | wi,1.0,The Potosi Saloon,TAVERN PARTNER,The Potosi Saloon,TAVERN PARTNER,WI-TAVERN-025,https://www.ourdeercamp.com/r/wi-tavern-025,WI-TAVERN-025-the-potosi-saloon-qr.png,WI-TAVERN-025-the-potosi-saloon-poster.pdf,WI-TAVERN-025-the-potosi-saloon-facebook.jpg,wi-tavern,qr-poster,wi-tavern-partners,WI-TAVERN-025,the-potosi-saloon,wi-tavern-025,https://www.ourdeercamp.com/r/wi-tavern-025,,Not Found,,,,,,Ready for Enrichment,,Needs Review
The Ridge Bar & Grill,WI,Reedsburg,Tavern / Supper Club,WI-TAVERN-026,,,,,Poster / QR Outreach,,,,5,Not Started,,,"Send founder intro + DeerCamp poster/QR; ask owner/manager about posting near bar, bulletin board, or rifle-opener/weekend traffic.",,Tavern Poster / QR Partner,0,checked,DeerCamp Tavern/Supper Club prospect research,Tier 1,,Warm fit,"County Deer Indicator: 2025 WI DNR south-central public/private deer hunting activity | County Source: https://dnr.wisconsin.gov/topic/WildlifeHabitat/harvest/deerharvest | County Selection: 2025 WI DNR south-central public/private deer hunting activity | Fit Reason: local bar/tavern format; located in or near a prioritized deer-hunting county; good fit for poster/QR handoff and founder-intro outreach | Original Notes: Expanded prospect list; verify current ownership, best contact, and DeerCamp hunting-culture cues before outreach.",Year-round; strongest before archery and rifle opener,checked,In-person dropoff,WI,"Tavern / Supper Club,WI,WI-TAVERN-030,Deer Hunting Counties,QR Poster",6/4/2026,,,,Tavern/Supper Club Top 30 per State research workbook,the ridge bar grill,name::the ridge bar grill,the ridge bar grill | reedsburg | wi,1.0,The Ridge Bar & Grill,TAVERN PARTNER,The Ridge Bar & Grill,TAVERN PARTNER,WI-TAVERN-026,https://www.ourdeercamp.com/r/wi-tavern-026,WI-TAVERN-026-the-ridge-bar-and-grill-qr.png,WI-TAVERN-026-the-ridge-bar-and-grill-poster.pdf,WI-TAVERN-026-the-ridge-bar-and-grill-facebook.jpg,wi-tavern,qr-poster,wi-tavern-partners,WI-TAVERN-026,the-ridge-bar-and-grill,wi-tavern-026,https://www.ourdeercamp.com/r/wi-tavern-026,,Not Found,,,,,,Ready for Enrichment,,Needs Review
The Ridge Restaurant,WI,Sparta,Tavern / Supper Club,WI-TAVERN-027,,,,,Poster / QR Outreach,,,,5,Not Started,,,"Send founder intro + DeerCamp poster/QR; ask owner/manager about posting near bar, bulletin board, or rifle-opener/weekend traffic.",,Tavern Poster / QR Partner,0,checked,DeerCamp Tavern/Supper Club prospect research,Tier 2,,Medium fit,"County Deer Indicator: Wisconsin high deer hunting / rural outdoor recreation corridor; verify county ranking in source | County Source: https://dnr.wisconsin.gov/topic/WildlifeHabitat/harvest/deerharvest | County Selection: Wisconsin high deer hunting / rural outdoor recreation corridor; verify county ranking in source | Fit Reason: local bar/tavern format; located in or near a prioritized deer-hunting county; good fit for poster/QR handoff and founder-intro outreach | Original Notes: Expanded prospect list; verify current ownership, best contact, and DeerCamp hunting-culture cues before outreach.",Year-round; strongest before archery and rifle opener,,In-person dropoff,WI,"Tavern / Supper Club,WI,WI-TAVERN-019,Deer Hunting Counties,QR Poster",6/4/2026,,,,Tavern/Supper Club Top 30 per State research workbook,the ridge restaurant,name::the ridge restaurant,the ridge restaurant | sparta | wi,1.0,The Ridge Restaurant,RESTAURANT PARTNER,The Ridge Restaurant,RESTAURANT PARTNER,WI-TAVERN-027,https://www.ourdeercamp.com/r/wi-tavern-027,WI-TAVERN-027-the-ridge-restaurant-qr.png,WI-TAVERN-027-the-ridge-restaurant-poster.pdf,WI-TAVERN-027-the-ridge-restaurant-facebook.jpg,wi-tavern,qr-poster,wi-tavern-partners,WI-TAVERN-027,the-ridge-restaurant,wi-tavern-027,https://www.ourdeercamp.com/r/wi-tavern-027,,Not Found,,,,,,Ready for Enrichment,,Needs Review
TimeOut Tavern,WI,La Crosse,Tavern / Supper Club,WI-TAVERN-028,,,,,Poster / QR Outreach,,,,5,Not Started,,,"Send founder intro + DeerCamp poster/QR; ask owner/manager about posting near bar, bulletin board, or rifle-opener/weekend traffic.",,Tavern Poster / QR Partner,0,checked,DeerCamp Tavern/Supper Club prospect research,Tier 1,,Warm fit,"County Deer Indicator: Wisconsin high deer hunting / rural outdoor recreation corridor; verify county ranking in source | County Source: https://dnr.wisconsin.gov/topic/WildlifeHabitat/harvest/deerharvest | County Selection: Wisconsin high deer hunting / rural outdoor recreation corridor; verify county ranking in source | Fit Reason: local bar/tavern format; located in or near a prioritized deer-hunting county; good fit for poster/QR handoff and founder-intro outreach | Original Notes: Expanded prospect list; verify current ownership, best contact, and DeerCamp hunting-culture cues before outreach.",Year-round; strongest before archery and rifle opener,checked,In-person dropoff,WI,"Tavern / Supper Club,WI,WI-TAVERN-029,Deer Hunting Counties,QR Poster",6/4/2026,,,,Tavern/Supper Club Top 30 per State research workbook,timeout tavern,name::timeout tavern,timeout tavern | la crosse | wi,1.0,TimeOut Tavern,TAVERN PARTNER,TimeOut Tavern,TAVERN PARTNER,WI-TAVERN-028,https://www.ourdeercamp.com/r/wi-tavern-028,WI-TAVERN-028-timeout-tavern-qr.png,WI-TAVERN-028-timeout-tavern-poster.pdf,WI-TAVERN-028-timeout-tavern-facebook.jpg,wi-tavern,qr-poster,wi-tavern-partners,WI-TAVERN-028,timeout-tavern,wi-tavern-028,https://www.ourdeercamp.com/r/wi-tavern-028,,Not Found,,,,,,Ready for Enrichment,,Needs Review
Waumandee House Resort,WI,Waumandee,Tavern / Supper Club,WI-TAVERN-029,,,,,Poster / QR Outreach,,,,5,Not Started,,,"Send founder intro + DeerCamp poster/QR; ask owner/manager about posting near bar, bulletin board, or rifle-opener/weekend traffic.",,Tavern Poster / QR Partner,0,checked,DeerCamp Tavern/Supper Club prospect research,Tier 1,,Warm fit,"County Deer Indicator: 2025 WI DNR western bluff-country deer activity | County Source: https://dnr.wisconsin.gov/topic/WildlifeHabitat/harvest/deerharvest | County Selection: 2025 WI DNR western bluff-country deer activity | Fit Reason: local bar/tavern format; located in or near a prioritized deer-hunting county; good fit for poster/QR handoff and founder-intro outreach | Original Notes: Expanded prospect list; verify current ownership, best contact, and DeerCamp hunting-culture cues before outreach.",Year-round; strongest before archery and rifle opener,checked,In-person dropoff,WI,"Tavern / Supper Club,WI,WI-TAVERN-006,Deer Hunting Counties,QR Poster",6/4/2026,,,,Tavern/Supper Club Top 30 per State research workbook,waumandee house resort,name::waumandee house resort,waumandee house resort | waumandee | wi,1.0,Waumandee House Resort,TAVERN PARTNER,Waumandee House Resort,TAVERN PARTNER,WI-TAVERN-029,https://www.ourdeercamp.com/r/wi-tavern-029,WI-TAVERN-029-waumandee-house-resort-qr.png,WI-TAVERN-029-waumandee-house-resort-poster.pdf,WI-TAVERN-029-waumandee-house-resort-facebook.jpg,wi-tavern,qr-poster,wi-tavern-partners,WI-TAVERN-029,waumandee-house-resort,wi-tavern-029,https://www.ourdeercamp.com/r/wi-tavern-029,,Not Found,,,,,,Ready for Enrichment,,Needs Review
Whiskey River Bar & Grill,WI,Sparta,Tavern / Supper Club,WI-TAVERN-030,,,,,Poster / QR Outreach,,,,5,Not Started,,,"Send founder intro + DeerCamp poster/QR; ask owner/manager about posting near bar, bulletin board, or rifle-opener/weekend traffic.",,Tavern Poster / QR Partner,0,checked,DeerCamp Tavern/Supper Club prospect research,Tier 1,,Warm fit,"County Deer Indicator: Wisconsin high deer hunting / rural outdoor recreation corridor; verify county ranking in source | County Source: https://dnr.wisconsin.gov/topic/WildlifeHabitat/harvest/deerharvest | County Selection: Wisconsin high deer hunting / rural outdoor recreation corridor; verify county ranking in source | Fit Reason: local bar/tavern format; located in or near a prioritized deer-hunting county; good fit for poster/QR handoff and founder-intro outreach | Original Notes: Expanded prospect list; verify current ownership, best contact, and DeerCamp hunting-culture cues before outreach.",Year-round; strongest before archery and rifle opener,checked,In-person dropoff,WI,"Tavern / Supper Club,WI,WI-TAVERN-018,Deer Hunting Counties,QR Poster",6/4/2026,,,,Tavern/Supper Club Top 30 per State research workbook,whiskey river bar grill,name::whiskey river bar grill,whiskey river bar grill | sparta | wi,1.0,Whiskey River Bar & Grill,TAVERN PARTNER,Whiskey River Bar & Grill,TAVERN PARTNER,WI-TAVERN-030,https://www.ourdeercamp.com/r/wi-tavern-030,WI-TAVERN-030-whiskey-river-bar-and-grill-qr.png,WI-TAVERN-030-whiskey-river-bar-and-grill-poster.pdf,WI-TAVERN-030-whiskey-river-bar-and-grill-facebook.jpg,wi-tavern,qr-poster,wi-tavern-partners,WI-TAVERN-030,whiskey-river-bar-and-grill,wi-tavern-030,https://www.ourdeercamp.com/r/wi-tavern-030,,Not Found,,,,,,Ready for Enrichment,,Needs Review
